[
{
  "model": "contenttypes.contenttype",
  "pk": 43,
  "fields": {
    "app_label": "admin",
    "model": "logentry"
  }
},
{
  "model": "contenttypes.contenttype",
  "pk": 44,
  "fields": {
    "app_label": "auth",
    "model": "permission"
  }
},
{
  "model": "contenttypes.contenttype",
  "pk": 45,
  "fields": {
    "app_label": "auth",
    "model": "group"
  }
},
{
  "model": "contenttypes.contenttype",
  "pk": 46,
  "fields": {
    "app_label": "auth",
    "model": "user"
  }
},
{
  "model": "contenttypes.contenttype",
  "pk": 47,
  "fields": {
    "app_label": "contenttypes",
    "model": "contenttype"
  }
},
{
  "model": "contenttypes.contenttype",
  "pk": 48,
  "fields": {
    "app_label": "sessions",
    "model": "session"
  }
},
{
  "model": "contenttypes.contenttype",
  "pk": 49,
  "fields": {
    "app_label": "depot",
    "model": "imageentry"
  }
},
{
  "model": "contenttypes.contenttype",
  "pk": 50,
  "fields": {
    "app_label": "sites",
    "model": "site"
  }
},
{
  "model": "contenttypes.contenttype",
  "pk": 51,
  "fields": {
    "app_label": "account",
    "model": "emailaddress"
  }
},
{
  "model": "contenttypes.contenttype",
  "pk": 52,
  "fields": {
    "app_label": "account",
    "model": "emailconfirmation"
  }
},
{
  "model": "contenttypes.contenttype",
  "pk": 53,
  "fields": {
    "app_label": "socialaccount",
    "model": "socialapp"
  }
},
{
  "model": "contenttypes.contenttype",
  "pk": 54,
  "fields": {
    "app_label": "socialaccount",
    "model": "socialaccount"
  }
},
{
  "model": "contenttypes.contenttype",
  "pk": 55,
  "fields": {
    "app_label": "socialaccount",
    "model": "socialtoken"
  }
},
{
  "model": "contenttypes.contenttype",
  "pk": 56,
  "fields": {
    "app_label": "easy_thumbnails",
    "model": "source"
  }
},
{
  "model": "contenttypes.contenttype",
  "pk": 57,
  "fields": {
    "app_label": "easy_thumbnails",
    "model": "thumbnail"
  }
},
{
  "model": "contenttypes.contenttype",
  "pk": 58,
  "fields": {
    "app_label": "easy_thumbnails",
    "model": "thumbnaildimensions"
  }
},
{
  "model": "sessions.session",
  "pk": "uczji2bvdh4tv3xmou3ujh7tbwe7dste",
  "fields": {
    "session_data": "MjQ5OWJkMzBmZWVlNDFlNjczNGY1NzM0NThjNTdlZWY5ODU0NTdkNzp7Il9hdXRoX3VzZXJfaGFzaCI6ImI4YzUzYjE3ZTQ5MzI1YzRjODMzNTUyOGExNmYyZmI1NzdkMjgwZGQiLCJfYXV0aF91c2VyX2JhY2tlbmQiOiJkamFuZ28uY29udHJpYi5hdXRoLmJhY2tlbmRzLk1vZGVsQmFja2VuZCIsIl9hdXRoX3VzZXJfaWQiOiI2In0=",
    "expire_date": "2016-08-07T17:21:27.189Z"
  }
},
{
  "model": "sites.site",
  "pk": 1,
  "fields": {
    "domain": "http://localhost:8000/",
    "name": "http://localhost:8000/"
  }
},
{
  "model": "socialaccount.socialapp",
  "pk": 7,
  "fields": {
    "provider": "facebook",
    "name": "Facebook login app",
    "client_id": "123804778056462",
    "secret": "a2c2f4de139aef6f6846369f3e5fc967",
    "key": "",
    "sites": [
      1
    ]
  }
},
{
  "model": "socialaccount.socialapp",
  "pk": 8,
  "fields": {
    "provider": "vk",
    "name": "VK login app",
    "client_id": "5555390",
    "secret": "WBcowVi69WxRycWgbQ8H",
    "key": "",
    "sites": [
      1
    ]
  }
},
{
  "model": "easy_thumbnails.source",
  "pk": 31,
  "fields": {
    "storage_hash": "f9bde26a1556cd667f742bd34ec7c55e",
    "name": "./01.jpg",
    "modified": "2016-07-24T17:34:07.998Z"
  }
},
{
  "model": "easy_thumbnails.source",
  "pk": 32,
  "fields": {
    "storage_hash": "f9bde26a1556cd667f742bd34ec7c55e",
    "name": "./02.jpg",
    "modified": "2016-07-24T17:34:09.079Z"
  }
},
{
  "model": "easy_thumbnails.source",
  "pk": 33,
  "fields": {
    "storage_hash": "f9bde26a1556cd667f742bd34ec7c55e",
    "name": "./03.jpg",
    "modified": "2016-07-24T17:34:10.215Z"
  }
},
{
  "model": "easy_thumbnails.source",
  "pk": 34,
  "fields": {
    "storage_hash": "f9bde26a1556cd667f742bd34ec7c55e",
    "name": "./04.jpg",
    "modified": "2016-07-24T17:34:11.344Z"
  }
},
{
  "model": "easy_thumbnails.source",
  "pk": 35,
  "fields": {
    "storage_hash": "f9bde26a1556cd667f742bd34ec7c55e",
    "name": "./05.jpg",
    "modified": "2016-07-24T17:34:12.790Z"
  }
},
{
  "model": "easy_thumbnails.source",
  "pk": 36,
  "fields": {
    "storage_hash": "f9bde26a1556cd667f742bd34ec7c55e",
    "name": "./06.jpg",
    "modified": "2016-07-24T17:34:14.253Z"
  }
},
{
  "model": "easy_thumbnails.source",
  "pk": 37,
  "fields": {
    "storage_hash": "f9bde26a1556cd667f742bd34ec7c55e",
    "name": "./07.jpg",
    "modified": "2016-07-24T17:34:15.303Z"
  }
},
{
  "model": "easy_thumbnails.source",
  "pk": 38,
  "fields": {
    "storage_hash": "f9bde26a1556cd667f742bd34ec7c55e",
    "name": "./08.jpg",
    "modified": "2016-07-24T17:34:15.837Z"
  }
},
{
  "model": "easy_thumbnails.source",
  "pk": 39,
  "fields": {
    "storage_hash": "f9bde26a1556cd667f742bd34ec7c55e",
    "name": "./09.jpg",
    "modified": "2016-07-24T17:34:17.372Z"
  }
},
{
  "model": "easy_thumbnails.source",
  "pk": 40,
  "fields": {
    "storage_hash": "f9bde26a1556cd667f742bd34ec7c55e",
    "name": "./10.jpg",
    "modified": "2016-07-24T17:34:18.159Z"
  }
},
{
  "model": "easy_thumbnails.source",
  "pk": 41,
  "fields": {
    "storage_hash": "f9bde26a1556cd667f742bd34ec7c55e",
    "name": "./11.jpg",
    "modified": "2016-07-24T17:34:21.962Z"
  }
},
{
  "model": "easy_thumbnails.source",
  "pk": 42,
  "fields": {
    "storage_hash": "f9bde26a1556cd667f742bd34ec7c55e",
    "name": "./12.jpg",
    "modified": "2016-07-24T17:34:23.126Z"
  }
},
{
  "model": "easy_thumbnails.source",
  "pk": 43,
  "fields": {
    "storage_hash": "f9bde26a1556cd667f742bd34ec7c55e",
    "name": "./13.jpg",
    "modified": "2016-07-24T17:34:24.549Z"
  }
},
{
  "model": "easy_thumbnails.source",
  "pk": 44,
  "fields": {
    "storage_hash": "f9bde26a1556cd667f742bd34ec7c55e",
    "name": "./14.jpg",
    "modified": "2016-07-24T17:34:25.777Z"
  }
},
{
  "model": "easy_thumbnails.source",
  "pk": 45,
  "fields": {
    "storage_hash": "f9bde26a1556cd667f742bd34ec7c55e",
    "name": "./15.jpg",
    "modified": "2016-07-24T17:34:26.818Z"
  }
},
{
  "model": "easy_thumbnails.source",
  "pk": 46,
  "fields": {
    "storage_hash": "f9bde26a1556cd667f742bd34ec7c55e",
    "name": "./16.jpg",
    "modified": "2016-07-24T17:34:28Z"
  }
},
{
  "model": "easy_thumbnails.source",
  "pk": 47,
  "fields": {
    "storage_hash": "f9bde26a1556cd667f742bd34ec7c55e",
    "name": "./17.jpg",
    "modified": "2016-07-24T17:34:29.340Z"
  }
},
{
  "model": "easy_thumbnails.source",
  "pk": 48,
  "fields": {
    "storage_hash": "f9bde26a1556cd667f742bd34ec7c55e",
    "name": "./18.jpg",
    "modified": "2016-07-24T17:34:31.173Z"
  }
},
{
  "model": "easy_thumbnails.source",
  "pk": 49,
  "fields": {
    "storage_hash": "f9bde26a1556cd667f742bd34ec7c55e",
    "name": "./19.jpg",
    "modified": "2016-07-24T17:34:32.284Z"
  }
},
{
  "model": "easy_thumbnails.source",
  "pk": 50,
  "fields": {
    "storage_hash": "f9bde26a1556cd667f742bd34ec7c55e",
    "name": "./20.jpg",
    "modified": "2016-07-24T17:34:34.396Z"
  }
},
{
  "model": "easy_thumbnails.source",
  "pk": 51,
  "fields": {
    "storage_hash": "f9bde26a1556cd667f742bd34ec7c55e",
    "name": "./21.jpg",
    "modified": "2016-07-24T17:35:53.970Z"
  }
},
{
  "model": "easy_thumbnails.source",
  "pk": 52,
  "fields": {
    "storage_hash": "f9bde26a1556cd667f742bd34ec7c55e",
    "name": "./22.jpg",
    "modified": "2016-07-24T17:35:55.153Z"
  }
},
{
  "model": "easy_thumbnails.source",
  "pk": 53,
  "fields": {
    "storage_hash": "f9bde26a1556cd667f742bd34ec7c55e",
    "name": "./23.jpg",
    "modified": "2016-07-24T17:35:56.334Z"
  }
},
{
  "model": "easy_thumbnails.source",
  "pk": 54,
  "fields": {
    "storage_hash": "f9bde26a1556cd667f742bd34ec7c55e",
    "name": "./24.jpg",
    "modified": "2016-07-24T17:35:56.898Z"
  }
},
{
  "model": "easy_thumbnails.source",
  "pk": 55,
  "fields": {
    "storage_hash": "f9bde26a1556cd667f742bd34ec7c55e",
    "name": "./25.jpg",
    "modified": "2016-07-24T17:35:59.720Z"
  }
},
{
  "model": "easy_thumbnails.source",
  "pk": 56,
  "fields": {
    "storage_hash": "f9bde26a1556cd667f742bd34ec7c55e",
    "name": "./26.jpg",
    "modified": "2016-07-24T17:36:01.702Z"
  }
},
{
  "model": "easy_thumbnails.source",
  "pk": 57,
  "fields": {
    "storage_hash": "f9bde26a1556cd667f742bd34ec7c55e",
    "name": "./27.jpg",
    "modified": "2016-07-24T17:36:01.595Z"
  }
},
{
  "model": "easy_thumbnails.source",
  "pk": 58,
  "fields": {
    "storage_hash": "f9bde26a1556cd667f742bd34ec7c55e",
    "name": "./28.jpg",
    "modified": "2016-07-24T17:36:02.503Z"
  }
},
{
  "model": "easy_thumbnails.source",
  "pk": 59,
  "fields": {
    "storage_hash": "f9bde26a1556cd667f742bd34ec7c55e",
    "name": "./29.jpg",
    "modified": "2016-07-24T17:36:03.500Z"
  }
},
{
  "model": "easy_thumbnails.source",
  "pk": 60,
  "fields": {
    "storage_hash": "f9bde26a1556cd667f742bd34ec7c55e",
    "name": "./30.jpg",
    "modified": "2016-07-24T17:36:04.288Z"
  }
},
{
  "model": "easy_thumbnails.thumbnail",
  "pk": 31,
  "fields": {
    "storage_hash": "d26becbf46ac48eda79c7a39a13a02dd",
    "name": ".\\01.jpg.300x200_q85_crop-smart.jpg",
    "modified": "2016-07-24T17:34:08.083Z",
    "source": 31
  }
},
{
  "model": "easy_thumbnails.thumbnail",
  "pk": 32,
  "fields": {
    "storage_hash": "d26becbf46ac48eda79c7a39a13a02dd",
    "name": ".\\02.jpg.300x200_q85_crop-smart.jpg",
    "modified": "2016-07-24T17:34:09.161Z",
    "source": 32
  }
},
{
  "model": "easy_thumbnails.thumbnail",
  "pk": 33,
  "fields": {
    "storage_hash": "d26becbf46ac48eda79c7a39a13a02dd",
    "name": ".\\03.jpg.300x200_q85_crop-smart.jpg",
    "modified": "2016-07-24T17:34:10.311Z",
    "source": 33
  }
},
{
  "model": "easy_thumbnails.thumbnail",
  "pk": 34,
  "fields": {
    "storage_hash": "d26becbf46ac48eda79c7a39a13a02dd",
    "name": ".\\04.jpg.300x200_q85_crop-smart.jpg",
    "modified": "2016-07-24T17:34:11.420Z",
    "source": 34
  }
},
{
  "model": "easy_thumbnails.thumbnail",
  "pk": 35,
  "fields": {
    "storage_hash": "d26becbf46ac48eda79c7a39a13a02dd",
    "name": ".\\05.jpg.300x200_q85_crop-smart.jpg",
    "modified": "2016-07-24T17:34:12.882Z",
    "source": 35
  }
},
{
  "model": "easy_thumbnails.thumbnail",
  "pk": 36,
  "fields": {
    "storage_hash": "d26becbf46ac48eda79c7a39a13a02dd",
    "name": ".\\06.jpg.300x200_q85_crop-smart.jpg",
    "modified": "2016-07-24T17:34:14.336Z",
    "source": 36
  }
},
{
  "model": "easy_thumbnails.thumbnail",
  "pk": 37,
  "fields": {
    "storage_hash": "d26becbf46ac48eda79c7a39a13a02dd",
    "name": ".\\07.jpg.300x200_q85_crop-smart.jpg",
    "modified": "2016-07-24T17:34:15.420Z",
    "source": 37
  }
},
{
  "model": "easy_thumbnails.thumbnail",
  "pk": 38,
  "fields": {
    "storage_hash": "d26becbf46ac48eda79c7a39a13a02dd",
    "name": ".\\08.jpg.300x200_q85_crop-smart.jpg",
    "modified": "2016-07-24T17:34:15.962Z",
    "source": 38
  }
},
{
  "model": "easy_thumbnails.thumbnail",
  "pk": 39,
  "fields": {
    "storage_hash": "d26becbf46ac48eda79c7a39a13a02dd",
    "name": ".\\09.jpg.300x200_q85_crop-smart.jpg",
    "modified": "2016-07-24T17:34:17.478Z",
    "source": 39
  }
},
{
  "model": "easy_thumbnails.thumbnail",
  "pk": 40,
  "fields": {
    "storage_hash": "d26becbf46ac48eda79c7a39a13a02dd",
    "name": ".\\10.jpg.300x200_q85_crop-smart.jpg",
    "modified": "2016-07-24T17:34:18.245Z",
    "source": 40
  }
},
{
  "model": "easy_thumbnails.thumbnail",
  "pk": 41,
  "fields": {
    "storage_hash": "d26becbf46ac48eda79c7a39a13a02dd",
    "name": ".\\11.jpg.300x200_q85_crop-smart.jpg",
    "modified": "2016-07-24T17:34:22.044Z",
    "source": 41
  }
},
{
  "model": "easy_thumbnails.thumbnail",
  "pk": 42,
  "fields": {
    "storage_hash": "d26becbf46ac48eda79c7a39a13a02dd",
    "name": ".\\12.jpg.300x200_q85_crop-smart.jpg",
    "modified": "2016-07-24T17:34:23.245Z",
    "source": 42
  }
},
{
  "model": "easy_thumbnails.thumbnail",
  "pk": 43,
  "fields": {
    "storage_hash": "d26becbf46ac48eda79c7a39a13a02dd",
    "name": ".\\13.jpg.300x200_q85_crop-smart.jpg",
    "modified": "2016-07-24T17:34:24.624Z",
    "source": 43
  }
},
{
  "model": "easy_thumbnails.thumbnail",
  "pk": 44,
  "fields": {
    "storage_hash": "d26becbf46ac48eda79c7a39a13a02dd",
    "name": ".\\14.jpg.300x200_q85_crop-smart.jpg",
    "modified": "2016-07-24T17:34:25.869Z",
    "source": 44
  }
},
{
  "model": "easy_thumbnails.thumbnail",
  "pk": 45,
  "fields": {
    "storage_hash": "d26becbf46ac48eda79c7a39a13a02dd",
    "name": ".\\15.jpg.300x200_q85_crop-smart.jpg",
    "modified": "2016-07-24T17:34:27.007Z",
    "source": 45
  }
},
{
  "model": "easy_thumbnails.thumbnail",
  "pk": 46,
  "fields": {
    "storage_hash": "d26becbf46ac48eda79c7a39a13a02dd",
    "name": ".\\16.jpg.300x200_q85_crop-smart.jpg",
    "modified": "2016-07-24T17:34:28.086Z",
    "source": 46
  }
},
{
  "model": "easy_thumbnails.thumbnail",
  "pk": 47,
  "fields": {
    "storage_hash": "d26becbf46ac48eda79c7a39a13a02dd",
    "name": ".\\17.jpg.300x200_q85_crop-smart.jpg",
    "modified": "2016-07-24T17:34:29.440Z",
    "source": 47
  }
},
{
  "model": "easy_thumbnails.thumbnail",
  "pk": 48,
  "fields": {
    "storage_hash": "d26becbf46ac48eda79c7a39a13a02dd",
    "name": ".\\18.jpg.300x200_q85_crop-smart.jpg",
    "modified": "2016-07-24T17:34:31.352Z",
    "source": 48
  }
},
{
  "model": "easy_thumbnails.thumbnail",
  "pk": 49,
  "fields": {
    "storage_hash": "d26becbf46ac48eda79c7a39a13a02dd",
    "name": ".\\19.jpg.300x200_q85_crop-smart.jpg",
    "modified": "2016-07-24T17:34:32.361Z",
    "source": 49
  }
},
{
  "model": "easy_thumbnails.thumbnail",
  "pk": 50,
  "fields": {
    "storage_hash": "d26becbf46ac48eda79c7a39a13a02dd",
    "name": ".\\20.jpg.300x200_q85_crop-smart.jpg",
    "modified": "2016-07-24T17:34:34.473Z",
    "source": 50
  }
},
{
  "model": "easy_thumbnails.thumbnail",
  "pk": 51,
  "fields": {
    "storage_hash": "d26becbf46ac48eda79c7a39a13a02dd",
    "name": ".\\21.jpg.300x200_q85_crop-smart.jpg",
    "modified": "2016-07-24T17:35:54.075Z",
    "source": 51
  }
},
{
  "model": "easy_thumbnails.thumbnail",
  "pk": 52,
  "fields": {
    "storage_hash": "d26becbf46ac48eda79c7a39a13a02dd",
    "name": ".\\22.jpg.300x200_q85_crop-smart.jpg",
    "modified": "2016-07-24T17:35:55.242Z",
    "source": 52
  }
},
{
  "model": "easy_thumbnails.thumbnail",
  "pk": 53,
  "fields": {
    "storage_hash": "d26becbf46ac48eda79c7a39a13a02dd",
    "name": ".\\23.jpg.300x200_q85_crop-smart.jpg",
    "modified": "2016-07-24T17:35:56.413Z",
    "source": 53
  }
},
{
  "model": "easy_thumbnails.thumbnail",
  "pk": 54,
  "fields": {
    "storage_hash": "d26becbf46ac48eda79c7a39a13a02dd",
    "name": ".\\24.jpg.300x200_q85_crop-smart.jpg",
    "modified": "2016-07-24T17:35:56.972Z",
    "source": 54
  }
},
{
  "model": "easy_thumbnails.thumbnail",
  "pk": 55,
  "fields": {
    "storage_hash": "d26becbf46ac48eda79c7a39a13a02dd",
    "name": ".\\25.jpg.300x200_q85_crop-smart.jpg",
    "modified": "2016-07-24T17:35:59.817Z",
    "source": 55
  }
},
{
  "model": "easy_thumbnails.thumbnail",
  "pk": 56,
  "fields": {
    "storage_hash": "d26becbf46ac48eda79c7a39a13a02dd",
    "name": ".\\26.jpg.300x200_q85_crop-smart.jpg",
    "modified": "2016-07-24T17:36:01.888Z",
    "source": 56
  }
},
{
  "model": "easy_thumbnails.thumbnail",
  "pk": 57,
  "fields": {
    "storage_hash": "d26becbf46ac48eda79c7a39a13a02dd",
    "name": ".\\27.jpg.300x200_q85_crop-smart.jpg",
    "modified": "2016-07-24T17:36:01.671Z",
    "source": 57
  }
},
{
  "model": "easy_thumbnails.thumbnail",
  "pk": 58,
  "fields": {
    "storage_hash": "d26becbf46ac48eda79c7a39a13a02dd",
    "name": ".\\28.jpg.300x200_q85_crop-smart.jpg",
    "modified": "2016-07-24T17:36:02.605Z",
    "source": 58
  }
},
{
  "model": "easy_thumbnails.thumbnail",
  "pk": 59,
  "fields": {
    "storage_hash": "d26becbf46ac48eda79c7a39a13a02dd",
    "name": ".\\29.jpg.300x200_q85_crop-smart.jpg",
    "modified": "2016-07-24T17:36:03.588Z",
    "source": 59
  }
},
{
  "model": "easy_thumbnails.thumbnail",
  "pk": 60,
  "fields": {
    "storage_hash": "d26becbf46ac48eda79c7a39a13a02dd",
    "name": ".\\30.jpg.300x200_q85_crop-smart.jpg",
    "modified": "2016-07-24T17:36:04.434Z",
    "source": 60
  }
},
{
  "model": "auth.permission",
  "pk": 127,
  "fields": {
    "name": "Can add log entry",
    "content_type": 43,
    "codename": "add_logentry"
  }
},
{
  "model": "auth.permission",
  "pk": 128,
  "fields": {
    "name": "Can change log entry",
    "content_type": 43,
    "codename": "change_logentry"
  }
},
{
  "model": "auth.permission",
  "pk": 129,
  "fields": {
    "name": "Can delete log entry",
    "content_type": 43,
    "codename": "delete_logentry"
  }
},
{
  "model": "auth.permission",
  "pk": 130,
  "fields": {
    "name": "Can add permission",
    "content_type": 44,
    "codename": "add_permission"
  }
},
{
  "model": "auth.permission",
  "pk": 131,
  "fields": {
    "name": "Can change permission",
    "content_type": 44,
    "codename": "change_permission"
  }
},
{
  "model": "auth.permission",
  "pk": 132,
  "fields": {
    "name": "Can delete permission",
    "content_type": 44,
    "codename": "delete_permission"
  }
},
{
  "model": "auth.permission",
  "pk": 133,
  "fields": {
    "name": "Can add group",
    "content_type": 45,
    "codename": "add_group"
  }
},
{
  "model": "auth.permission",
  "pk": 134,
  "fields": {
    "name": "Can change group",
    "content_type": 45,
    "codename": "change_group"
  }
},
{
  "model": "auth.permission",
  "pk": 135,
  "fields": {
    "name": "Can delete group",
    "content_type": 45,
    "codename": "delete_group"
  }
},
{
  "model": "auth.permission",
  "pk": 136,
  "fields": {
    "name": "Can add user",
    "content_type": 46,
    "codename": "add_user"
  }
},
{
  "model": "auth.permission",
  "pk": 137,
  "fields": {
    "name": "Can change user",
    "content_type": 46,
    "codename": "change_user"
  }
},
{
  "model": "auth.permission",
  "pk": 138,
  "fields": {
    "name": "Can delete user",
    "content_type": 46,
    "codename": "delete_user"
  }
},
{
  "model": "auth.permission",
  "pk": 139,
  "fields": {
    "name": "Can add content type",
    "content_type": 47,
    "codename": "add_contenttype"
  }
},
{
  "model": "auth.permission",
  "pk": 140,
  "fields": {
    "name": "Can change content type",
    "content_type": 47,
    "codename": "change_contenttype"
  }
},
{
  "model": "auth.permission",
  "pk": 141,
  "fields": {
    "name": "Can delete content type",
    "content_type": 47,
    "codename": "delete_contenttype"
  }
},
{
  "model": "auth.permission",
  "pk": 142,
  "fields": {
    "name": "Can add session",
    "content_type": 48,
    "codename": "add_session"
  }
},
{
  "model": "auth.permission",
  "pk": 143,
  "fields": {
    "name": "Can change session",
    "content_type": 48,
    "codename": "change_session"
  }
},
{
  "model": "auth.permission",
  "pk": 144,
  "fields": {
    "name": "Can delete session",
    "content_type": 48,
    "codename": "delete_session"
  }
},
{
  "model": "auth.permission",
  "pk": 145,
  "fields": {
    "name": "Can add image entry",
    "content_type": 49,
    "codename": "add_imageentry"
  }
},
{
  "model": "auth.permission",
  "pk": 146,
  "fields": {
    "name": "Can change image entry",
    "content_type": 49,
    "codename": "change_imageentry"
  }
},
{
  "model": "auth.permission",
  "pk": 147,
  "fields": {
    "name": "Can delete image entry",
    "content_type": 49,
    "codename": "delete_imageentry"
  }
},
{
  "model": "auth.permission",
  "pk": 148,
  "fields": {
    "name": "Can add site",
    "content_type": 50,
    "codename": "add_site"
  }
},
{
  "model": "auth.permission",
  "pk": 149,
  "fields": {
    "name": "Can change site",
    "content_type": 50,
    "codename": "change_site"
  }
},
{
  "model": "auth.permission",
  "pk": 150,
  "fields": {
    "name": "Can delete site",
    "content_type": 50,
    "codename": "delete_site"
  }
},
{
  "model": "auth.permission",
  "pk": 151,
  "fields": {
    "name": "Can add email address",
    "content_type": 51,
    "codename": "add_emailaddress"
  }
},
{
  "model": "auth.permission",
  "pk": 152,
  "fields": {
    "name": "Can change email address",
    "content_type": 51,
    "codename": "change_emailaddress"
  }
},
{
  "model": "auth.permission",
  "pk": 153,
  "fields": {
    "name": "Can delete email address",
    "content_type": 51,
    "codename": "delete_emailaddress"
  }
},
{
  "model": "auth.permission",
  "pk": 154,
  "fields": {
    "name": "Can add email confirmation",
    "content_type": 52,
    "codename": "add_emailconfirmation"
  }
},
{
  "model": "auth.permission",
  "pk": 155,
  "fields": {
    "name": "Can change email confirmation",
    "content_type": 52,
    "codename": "change_emailconfirmation"
  }
},
{
  "model": "auth.permission",
  "pk": 156,
  "fields": {
    "name": "Can delete email confirmation",
    "content_type": 52,
    "codename": "delete_emailconfirmation"
  }
},
{
  "model": "auth.permission",
  "pk": 157,
  "fields": {
    "name": "Can add social application",
    "content_type": 53,
    "codename": "add_socialapp"
  }
},
{
  "model": "auth.permission",
  "pk": 158,
  "fields": {
    "name": "Can change social application",
    "content_type": 53,
    "codename": "change_socialapp"
  }
},
{
  "model": "auth.permission",
  "pk": 159,
  "fields": {
    "name": "Can delete social application",
    "content_type": 53,
    "codename": "delete_socialapp"
  }
},
{
  "model": "auth.permission",
  "pk": 160,
  "fields": {
    "name": "Can add social account",
    "content_type": 54,
    "codename": "add_socialaccount"
  }
},
{
  "model": "auth.permission",
  "pk": 161,
  "fields": {
    "name": "Can change social account",
    "content_type": 54,
    "codename": "change_socialaccount"
  }
},
{
  "model": "auth.permission",
  "pk": 162,
  "fields": {
    "name": "Can delete social account",
    "content_type": 54,
    "codename": "delete_socialaccount"
  }
},
{
  "model": "auth.permission",
  "pk": 163,
  "fields": {
    "name": "Can add social application token",
    "content_type": 55,
    "codename": "add_socialtoken"
  }
},
{
  "model": "auth.permission",
  "pk": 164,
  "fields": {
    "name": "Can change social application token",
    "content_type": 55,
    "codename": "change_socialtoken"
  }
},
{
  "model": "auth.permission",
  "pk": 165,
  "fields": {
    "name": "Can delete social application token",
    "content_type": 55,
    "codename": "delete_socialtoken"
  }
},
{
  "model": "auth.permission",
  "pk": 166,
  "fields": {
    "name": "Can add source",
    "content_type": 56,
    "codename": "add_source"
  }
},
{
  "model": "auth.permission",
  "pk": 167,
  "fields": {
    "name": "Can change source",
    "content_type": 56,
    "codename": "change_source"
  }
},
{
  "model": "auth.permission",
  "pk": 168,
  "fields": {
    "name": "Can delete source",
    "content_type": 56,
    "codename": "delete_source"
  }
},
{
  "model": "auth.permission",
  "pk": 169,
  "fields": {
    "name": "Can add thumbnail",
    "content_type": 57,
    "codename": "add_thumbnail"
  }
},
{
  "model": "auth.permission",
  "pk": 170,
  "fields": {
    "name": "Can change thumbnail",
    "content_type": 57,
    "codename": "change_thumbnail"
  }
},
{
  "model": "auth.permission",
  "pk": 171,
  "fields": {
    "name": "Can delete thumbnail",
    "content_type": 57,
    "codename": "delete_thumbnail"
  }
},
{
  "model": "auth.permission",
  "pk": 172,
  "fields": {
    "name": "Can add thumbnail dimensions",
    "content_type": 58,
    "codename": "add_thumbnaildimensions"
  }
},
{
  "model": "auth.permission",
  "pk": 173,
  "fields": {
    "name": "Can change thumbnail dimensions",
    "content_type": 58,
    "codename": "change_thumbnaildimensions"
  }
},
{
  "model": "auth.permission",
  "pk": 174,
  "fields": {
    "name": "Can delete thumbnail dimensions",
    "content_type": 58,
    "codename": "delete_thumbnaildimensions"
  }
},
{
  "model": "auth.user",
  "pk": 6,
  "fields": {
    "password": "pbkdf2_sha256$24000$k8uIGPP2xjUP$EizTMLVC/NdARdyrpaBOpsVV9+1lDUHeILnPRU3lrmw=",
    "last_login": "2016-07-24T17:21:27.052Z",
    "is_superuser": true,
    "username": "antisocial",
    "first_name": "",
    "last_name": "",
    "email": "",
    "is_staff": true,
    "is_active": true,
    "date_joined": "2016-07-24T17:20:01.103Z",
    "groups": [],
    "user_permissions": []
  }
},
{
  "model": "depot.imageentry",
  "pk": 40,
  "fields": {
    "image": "./01.jpg",
    "height": 3196,
    "width": 4896,
    "uploader": 6,
    "date": "2016-07-24T17:27:02.393Z",
    "views": 0,
    "sfw": true
  }
},
{
  "model": "depot.imageentry",
  "pk": 41,
  "fields": {
    "image": "./02.jpg",
    "height": 3511,
    "width": 5266,
    "uploader": 6,
    "date": "2016-07-24T17:27:06.907Z",
    "views": 0,
    "sfw": true
  }
},
{
  "model": "depot.imageentry",
  "pk": 42,
  "fields": {
    "image": "./03.jpg",
    "height": 3017,
    "width": 4525,
    "uploader": 6,
    "date": "2016-07-24T17:27:15.830Z",
    "views": 0,
    "sfw": true
  }
},
{
  "model": "depot.imageentry",
  "pk": 43,
  "fields": {
    "image": "./04.jpg",
    "height": 3456,
    "width": 5184,
    "uploader": 6,
    "date": "2016-07-24T17:27:26.818Z",
    "views": 0,
    "sfw": true
  }
},
{
  "model": "depot.imageentry",
  "pk": 44,
  "fields": {
    "image": "./05.jpg",
    "height": 3744,
    "width": 5616,
    "uploader": 6,
    "date": "2016-07-24T17:27:38.763Z",
    "views": 0,
    "sfw": true
  }
},
{
  "model": "depot.imageentry",
  "pk": 45,
  "fields": {
    "image": "./06.jpg",
    "height": 3648,
    "width": 5472,
    "uploader": 6,
    "date": "2016-07-24T17:27:46.688Z",
    "views": 0,
    "sfw": true
  }
},
{
  "model": "depot.imageentry",
  "pk": 46,
  "fields": {
    "image": "./07.jpg",
    "height": 2839,
    "width": 5047,
    "uploader": 6,
    "date": "2016-07-24T17:27:53.906Z",
    "views": 0,
    "sfw": true
  }
},
{
  "model": "depot.imageentry",
  "pk": 47,
  "fields": {
    "image": "./08.jpg",
    "height": 1688,
    "width": 3000,
    "uploader": 6,
    "date": "2016-07-24T17:27:58.197Z",
    "views": 0,
    "sfw": true
  }
},
{
  "model": "depot.imageentry",
  "pk": 48,
  "fields": {
    "image": "./09.jpg",
    "height": 4000,
    "width": 6000,
    "uploader": 6,
    "date": "2016-07-24T17:28:02.318Z",
    "views": 0,
    "sfw": true
  }
},
{
  "model": "depot.imageentry",
  "pk": 49,
  "fields": {
    "image": "./10.jpg",
    "height": 2592,
    "width": 4608,
    "uploader": 6,
    "date": "2016-07-24T17:28:08.822Z",
    "views": 0,
    "sfw": true
  }
},
{
  "model": "depot.imageentry",
  "pk": 50,
  "fields": {
    "image": "./11.jpg",
    "height": 1975,
    "width": 3070,
    "uploader": 6,
    "date": "2016-07-24T17:28:16.882Z",
    "views": 0,
    "sfw": true
  }
},
{
  "model": "depot.imageentry",
  "pk": 51,
  "fields": {
    "image": "./12.jpg",
    "height": 3309,
    "width": 4964,
    "uploader": 6,
    "date": "2016-07-24T17:28:22.837Z",
    "views": 0,
    "sfw": true
  }
},
{
  "model": "depot.imageentry",
  "pk": 52,
  "fields": {
    "image": "./13.jpg",
    "height": 3648,
    "width": 5472,
    "uploader": 6,
    "date": "2016-07-24T17:28:27.401Z",
    "views": 0,
    "sfw": true
  }
},
{
  "model": "depot.imageentry",
  "pk": 53,
  "fields": {
    "image": "./14.jpg",
    "height": 4016,
    "width": 6016,
    "uploader": 6,
    "date": "2016-07-24T17:28:31.633Z",
    "views": 0,
    "sfw": true
  }
},
{
  "model": "depot.imageentry",
  "pk": 54,
  "fields": {
    "image": "./15.jpg",
    "height": 2980,
    "width": 4221,
    "uploader": 6,
    "date": "2016-07-24T17:28:38.115Z",
    "views": 0,
    "sfw": true
  }
},
{
  "model": "depot.imageentry",
  "pk": 55,
  "fields": {
    "image": "./16.jpg",
    "height": 3600,
    "width": 5472,
    "uploader": 6,
    "date": "2016-07-24T17:28:42.790Z",
    "views": 0,
    "sfw": true
  }
},
{
  "model": "depot.imageentry",
  "pk": 56,
  "fields": {
    "image": "./17.jpg",
    "height": 3759,
    "width": 5392,
    "uploader": 6,
    "date": "2016-07-24T17:28:48.055Z",
    "views": 0,
    "sfw": true
  }
},
{
  "model": "depot.imageentry",
  "pk": 57,
  "fields": {
    "image": "./18.jpg",
    "height": 4880,
    "width": 7312,
    "uploader": 6,
    "date": "2016-07-24T17:28:56.873Z",
    "views": 0,
    "sfw": true
  }
},
{
  "model": "depot.imageentry",
  "pk": 58,
  "fields": {
    "image": "./19.jpg",
    "height": 3264,
    "width": 4928,
    "uploader": 6,
    "date": "2016-07-24T17:29:01.974Z",
    "views": 0,
    "sfw": true
  }
},
{
  "model": "depot.imageentry",
  "pk": 59,
  "fields": {
    "image": "./20.jpg",
    "height": 5064,
    "width": 7715,
    "uploader": 6,
    "date": "2016-07-24T17:29:09.944Z",
    "views": 0,
    "sfw": true
  }
},
{
  "model": "depot.imageentry",
  "pk": 60,
  "fields": {
    "image": "./21.jpg",
    "height": 3080,
    "width": 5472,
    "uploader": 6,
    "date": "2016-07-24T17:29:19.375Z",
    "views": 0,
    "sfw": true
  }
},
{
  "model": "depot.imageentry",
  "pk": 61,
  "fields": {
    "image": "./22.jpg",
    "height": 3757,
    "width": 5635,
    "uploader": 6,
    "date": "2016-07-24T17:29:25.153Z",
    "views": 0,
    "sfw": true
  }
},
{
  "model": "depot.imageentry",
  "pk": 62,
  "fields": {
    "image": "./23.jpg",
    "height": 3431,
    "width": 5146,
    "uploader": 6,
    "date": "2016-07-24T17:29:35.615Z",
    "views": 0,
    "sfw": true
  }
},
{
  "model": "depot.imageentry",
  "pk": 63,
  "fields": {
    "image": "./24.jpg",
    "height": 2448,
    "width": 3261,
    "uploader": 6,
    "date": "2016-07-24T17:30:43.296Z",
    "views": 0,
    "sfw": true
  }
},
{
  "model": "depot.imageentry",
  "pk": 64,
  "fields": {
    "image": "./25.jpg",
    "height": 5304,
    "width": 7952,
    "uploader": 6,
    "date": "2016-07-24T17:30:50.101Z",
    "views": 0,
    "sfw": true
  }
},
{
  "model": "depot.imageentry",
  "pk": 65,
  "fields": {
    "image": "./26.jpg",
    "height": 3744,
    "width": 5616,
    "uploader": 6,
    "date": "2016-07-24T17:30:58.969Z",
    "views": 0,
    "sfw": true
  }
},
{
  "model": "depot.imageentry",
  "pk": 66,
  "fields": {
    "image": "./27.jpg",
    "height": 1688,
    "width": 3000,
    "uploader": 6,
    "date": "2016-07-24T17:31:06.645Z",
    "views": 0,
    "sfw": true
  }
},
{
  "model": "depot.imageentry",
  "pk": 67,
  "fields": {
    "image": "./28.jpg",
    "height": 2667,
    "width": 4000,
    "uploader": 6,
    "date": "2016-07-24T17:31:17.636Z",
    "views": 0,
    "sfw": true
  }
},
{
  "model": "depot.imageentry",
  "pk": 68,
  "fields": {
    "image": "./29.jpg",
    "height": 3264,
    "width": 4896,
    "uploader": 6,
    "date": "2016-07-24T17:31:23.462Z",
    "views": 0,
    "sfw": true
  }
},
{
  "model": "depot.imageentry",
  "pk": 69,
  "fields": {
    "image": "./30.jpg",
    "height": 2871,
    "width": 4928,
    "uploader": 6,
    "date": "2016-07-24T17:31:28.938Z",
    "views": 0,
    "sfw": true
  }
},
{
  "model": "admin.logentry",
  "pk": 10,
  "fields": {
    "action_time": "2016-07-24T17:22:01.011Z",
    "user": 6,
    "content_type": 50,
    "object_id": "1",
    "object_repr": "http://localhost:8000/",
    "action_flag": 2,
    "change_message": "Changed domain and name."
  }
},
{
  "model": "admin.logentry",
  "pk": 11,
  "fields": {
    "action_time": "2016-07-24T17:23:18.474Z",
    "user": 6,
    "content_type": 53,
    "object_id": "7",
    "object_repr": "Facebook login app",
    "action_flag": 1,
    "change_message": "Added."
  }
},
{
  "model": "admin.logentry",
  "pk": 12,
  "fields": {
    "action_time": "2016-07-24T17:24:07.503Z",
    "user": 6,
    "content_type": 53,
    "object_id": "8",
    "object_repr": "VK login app",
    "action_flag": 1,
    "change_message": "Added."
  }
}
]